"Status","Start Time","Stop Time","Duration in ms","Parent Suite","Suite","Sub Suite","Test Class","Test Method","Name","Description"
"broken","Sat Aug 14 21:47:05 GMT 2021","Sat Aug 14 21:47:07 GMT 2021","1198","testproject","newpostfromdata_test","","","","test_new_post_from_data",""
"broken","Sat Aug 14 21:47:04 GMT 2021","Sat Aug 14 21:47:05 GMT 2021","1194","testproject","newpost_test","","","","test_new_post",""
"broken","Sat Aug 14 21:47:08 GMT 2021","Sat Aug 14 21:47:09 GMT 2021","1198","testproject","savedata_test","","","","test_save_data",""
"broken","Sat Aug 14 21:47:00 GMT 2021","Sat Aug 14 21:47:03 GMT 2021","3104","testproject","login_test","","","","test_login",""
"broken","Sat Aug 14 21:47:11 GMT 2021","Sat Aug 14 21:47:12 GMT 2021","1221","testproject","xdeletepost_test","","","","test_delete_post",""
"broken","Sat Aug 14 21:47:08 GMT 2021","Sat Aug 14 21:47:08 GMT 2021","201","testproject","registration_test","","","","test_registration",""
"broken","Sat Aug 14 21:47:03 GMT 2021","Sat Aug 14 21:47:04 GMT 2021","1202","testproject","logout_test","","","","test_logout",""
"broken","Sat Aug 14 21:47:07 GMT 2021","Sat Aug 14 21:47:08 GMT 2021","1216","testproject","pages_test","","","","test_pages",""
"broken","Sat Aug 14 21:47:09 GMT 2021","Sat Aug 14 21:47:11 GMT 2021","1223","testproject","usernamechange_test","","","","test_username_change",""
